Location,Sample No.,Series,Stage,Age (Ma),"Biozones (conodonts, ammonoids, brachiopods)","Biozones (conodonts, ammonoids, brachiopods)",Sr,Reference
Guandao ,GuandaoII-59 ,Middle Triassic,Carnian,236.09,,Budurovignathus mungoensis ,0.7079,Song et al. (2015)
Guandao ,GuandaoII-57 ,Middle Triassic,Carnian,236.45,,Budurovignathus mungoensis ,0.70764,Song et al. (2015)
Guandao ,GuandaoII-53,Middle Triassic,Ladinian,237.49,,Budurovignathus mungoensis ,0.70781,Song et al. (2015)
Guandao ,GuandaoII-52,Middle Triassic,Ladinian,237.98,,Budurovignathus mungoensis ,0.70777,Song et al. (2015)
Guandao ,GuandaoII-51,Middle Triassic,Ladinian,238.46,,Budurovignathus mungoensis ,0.70766,Song et al. (2015)
Guandao ,GuandaoII-50,Middle Triassic,Ladinian,238.95,,Budurovignathus mungoensis ,0.70778,Song et al. (2015)
Guandao ,GuandaoII-49,Middle Triassic,Ladinian,239.44,,Budurovignathus mungoensis ,0.70752,Song et al. (2015)
Guandao ,GuandaoII-48,Middle Triassic,Ladinian,239.93,,Budurovignathus mungoensis ,0.70762,Song et al. (2015)
Guandao ,GuandaoII-47,Middle Triassic,Ladinian,240.41,,Budurovignathus mungoensis ,0.70767,Song et al. (2015)
Guandao ,GuandaoII-46,Middle Triassic,Ladinian,240.9,,Budurovignathus hungaricus ,0.70775,Song et al. (2015)
Guandao ,GuandaoII-45,Middle Triassic,Ladinian,241,,Budurovignathus hungaricus ,0.70782,Song et al. (2015)
Guandao ,GuandaoII-43,Middle Triassic,Ladinian,241.32,,Budurovignathus hungaricus ,0.70777,Song et al. (2015)
Guandao ,GuandaoII-42,Middle Triassic,Ladinian,241.49,,Budurovignathus hungaricus ,0.70785,Song et al. (2015)
Guandao ,GuandaoII-41,Middle Triassic,Ladinian,241.65,,Budurovignathus hungaricus ,0.70765,Song et al. (2015)
Guandao ,GuandaoII-33 ,Middle Triassic,Anisian,242.94,,Neogondolella constricta ,0.70794,Song et al. (2015)
Guandao ,GuandaoII-32,Middle Triassic,Anisian,243.1,,Neogondolella constricta ,0.70795,Song et al. (2015)
Guandao ,GuandaoII-31,Middle Triassic,Anisian,243.26,,Neogondolella constricta ,0.70784,Song et al. (2015)
Guandao ,GuandaoII-29,Middle Triassic,Anisian,243.59,,Neogondolella constricta ,0.70789,Song et al. (2015)
Guandao ,GuandaoII-27,Middle Triassic,Anisian,243.91,,Paragondolella bulgarica ,0.70777,Song et al. (2015)
Guandao ,GuandaoII-24,Middle Triassic,Anisian,244.39,,Paragondolella bulgarica ,0.70794,Song et al. (2015)
Qingyan,Qingyan-47,Middle Triassic,Anisian,244.8,,Paragondolella bulgarica ,0.70804,Song et al. (2015)
Guandao ,GuandaoI-53,Middle Triassic,Anisian,244.85,,Paragondolella bulgarica ,0.708,Song et al. (2015)
Guandao ,GuandaoII-20,Middle Triassic,Anisian,245.04,,Paragondolella bulgarica ,0.70853,Song et al. (2015)
Qingyan,Qingyan-46,Middle Triassic,Anisian,245.05,,Paragondolella bulgarica ,0.70799,Song et al. (2015)
Qingyan,Qingyan-45,Middle Triassic,Anisian,245.19,,Paragondolella bulgarica ,0.70825,Song et al. (2015)
Qingyan,Qingyan-44,Middle Triassic,Anisian,245.34,,Paragondolella bulgarica ,0.70831,Song et al. (2015)
Qingyan,Qingyan-42,Middle Triassic,Anisian,245.63,,Paragondolella bulgarica ,0.70825,Song et al. (2015)
Guandao ,GuandaoII-16,Middle Triassic,Anisian,245.69,,Paragondolella bulgarica ,0.70813,Song et al. (2015)
Qingyan,Qingyan-41,Middle Triassic,Anisian,245.77,,Paragondolella bulgarica ,0.70835,Song et al. (2015)
Qingyan,Qingyan-40,Middle Triassic,Anisian,245.92,,Paragondolella bulgarica ,0.70811,Song et al. (2015)
Guandao ,GuandaoI-49,Middle Triassic,Anisian,246.04,,Paragondolella bulgarica ,0.70797,Song et al. (2015)
Qingyan,Qingyan-39,Middle Triassic,Anisian,246.06,,Paragondolella bulgarica ,0.70799,Song et al. (2015)
Guandao ,GuandaoII-13,Middle Triassic,Anisian,246.17,,Nicoraella kockeli ,0.70813,Song et al. (2015)
Guandao ,GuandaoII-12,Middle Triassic,Anisian,246.33,,Nicoraella kockeli ,0.70809,Song et al. (2015)
Qingyan,Qingyan-37,Middle Triassic,Anisian,246.35,,Nicoraella kockeli ,0.70816,Song et al. (2015)
Guandao ,GuandaoII-11,Middle Triassic,Anisian,246.49,,Nicoraella kockeli ,0.70788,Song et al. (2015)
Guandao ,GuandaoII-9,Middle Triassic,Anisian,246.82,,Chiosella timorensis ,0.70812,Song et al. (2015)
Guandao ,GuandaoII-8,Middle Triassic,Anisian,246.98,,Chiosella timorensis ,0.70827,Song et al. (2015)
Guandao ,GuandaoII-7,Middle Triassic,Anisian,247.14,,Chiosella timorensis ,0.70813,Song et al. (2015)
Guandao ,GuandaoI-43,Early Triassic,Anisian,247.3,,Chiosella timorensis ,0.70835,Song et al. (2015)
Guandao ,GuandaoII-6,Early Triassic,Anisian,247.3,,Chiosella timorensis ,0.70803,Song et al. (2015)
Guandao ,GuandaoI-42 ,Early Triassic,Spathian,247.35,,Triassospathodus homeri ,0.70825,Song et al. (2015)
Guandao ,GuandaoII-2 ,Early Triassic,Spathian,247.35,,Triassospathodus homeri ,0.70804,Song et al. (2015)
Guandao ,GuandaoII-3 ,Early Triassic,Spathian,247.35,,Triassospathodus homeri ,0.70814,Song et al. (2015)
Guandao ,GuandaoII-4 ,Early Triassic,Spathian,247.35,,Triassospathodus homeri ,0.70816,Song et al. (2015)
Guandao ,GuandaoI-41 ,Early Triassic,Spathian,247.4,,Triassospathodus homeri ,0.70783,Song et al. (2015)
Qingyan,Qingyan-36 ,Early Triassic,Spathian,247.4,,Triassospathodus homeri ,0.70821,Song et al. (2015)
Guandao,GuandaoI-40 ,Early Triassic,Spathian,247.46,,Triassospathodus homeri ,0.70816,Song et al. (2015)
Guandao,GuandaoI-39 ,Early Triassic,Spathian,247.55,,Triassospathodus homeri ,0.70837,Song et al. (2015)
Qingyan,Qingyan-35 ,Early Triassic,Spathian,247.58,,Triassospathodus homeri ,0.70824,Song et al. (2015)
Guandao,GuandaoI-37 ,Early Triassic,Spathian,247.75,,Triassospathodus homeri ,0.70824,Song et al. (2015)
Qingyan,Qingyan-33 ,Early Triassic,Spathian,247.93,,Triassospathodus homeri ,0.70797,Song et al. (2015)
Guandao,GuandaoI-34 ,Early Triassic,Spathian,248.1,,Triassospathodus homeri ,0.70843,Song et al. (2015)
Guandao,GuandaoI-33 ,Early Triassic,Spathian,248.25,,Triassospathodus homeri ,0.70848,Song et al. (2015)
Guandao,GuandaoI-32 ,Early Triassic,Spathian,248.35,,Triassospathodus homeri ,0.70825,Song et al. (2015)
Guandao,GuandaoI-31 ,Early Triassic,Spathian,248.4,,Triassospathodus homeri ,0.70827,Song et al. (2015)
Qingyan,Qingyan-30 ,Early Triassic,Spathian,248.45,,Triassospathodus homeri ,0.7083,Song et al. (2015)
Guandao,GuandaoI-30 ,Early Triassic,Spathian,248.5,,Triassospathodus homeri ,0.70832,Song et al. (2015)
Guandao,GuandaoI-29 ,Early Triassic,Spathian,248.6,,Triassospathodus homeri ,0.70818,Song et al. (2015)
Guandao,GuandaoI-28 ,Early Triassic,Spathian,248.7,,Triassospathodus homeri ,0.70832,Song et al. (2015)
Qingyan,Qingyan-28 ,Early Triassic,Spathian,248.8,,Triassospathodus homeri ,0.70822,Song et al. (2015)
Guandao,GuandaoI-27 ,Early Triassic,Spathian,248.81,,Triassospathodus homeri ,0.70846,Song et al. (2015)
Qingyan,Qingyan-27 ,Early Triassic,Spathian,248.98,,Triassospathodus homeri ,0.70837,Song et al. (2015)
Qingyan,Qingyan-26 ,Early Triassic,Spathian,249.15,,Triassospathodus homeri ,0.70815,Song et al. (2015)
Guandao ,GuandaoI-25 ,Early Triassic,Spathian,249.2,,Triassospathodus homeri ,0.70802,Song et al. (2015)
Qingyan,Qingyan-25 ,Early Triassic,Spathian,249.33,,Triassospathodus homeri ,0.70827,Song et al. (2015)
Guandao,GuandaoI-24 ,Early Triassic,Spathian,249.4,,Triassospathodus homeri ,0.70826,Song et al. (2015)
Qingyan,Qingyan-23 ,Early Triassic,Spathian,249.68,,Triassospathodus homeri ,0.70813,Song et al. (2015)
Qingyan,Qingyan-22 ,Early Triassic,Spathian,249.85,,Triassospathodus homeri ,0.70797,Song et al. (2015)
Guandao,GuandaoI-22 ,Early Triassic,Spathian,250,,Icriospathodus crassatus ,0.7078,Song et al. (2015)
Qingyan,Qingyan-20 ,Early Triassic,Spathian,250.2,,Triassospathodus homeri ,0.70825,Song et al. (2015)
Qingyan,Qingyan-19 ,Early Triassic,Spathian,250.38,,Triassospathodus homeri ,0.7083,Song et al. (2015)
Guandao,GuandaoI-19 ,Early Triassic,Smithian,250.45,,Icriospathodus crassatus ,0.70782,Song et al. (2015)
Guandao,GuandaoI-18 ,Early Triassic,Smithian,250.5,,Icriospathodus crassatus ,0.70785,Song et al. (2015)
Guandao,GuandaoI-17 ,Early Triassic,Smithian,250.55,,Icriospathodus crassatus ,0.708,Song et al. (2015)
Guandao,GuandaoI-16 ,Early Triassic,Smithian,250.6,,Neospathodus waageni ,0.70788,Song et al. (2015)
Qingyan,Qingyan-16 ,Early Triassic,Smithian,250.65,,Neospathodus waageni ,0.70791,Song et al. (2015)
Qingyan,Qingyan-15 ,Early Triassic,Smithian,250.75,,Neospathodus waageni ,0.70796,Song et al. (2015)
Guandao,GuandaoI-14 ,Early Triassic,Smithian,250.76,,Neospathodus waageni ,0.70795,Song et al. (2015)
Guandao,GuandaoI-13 ,Early Triassic,Smithian,250.81,,Neospathodus waageni ,0.70791,Song et al. (2015)
Qingyan,Qingyan-14 ,Early Triassic,Smithian,250.85,,Neospathodus waageni ,0.70794,Song et al. (2015)
Guandao,GuandaoI-12 ,Early Triassic,Smithian,250.86,,Neospathodus waageni ,0.70818,Song et al. (2015)
Guandao,GuandaoI-11 ,Early Triassic,Smithian,250.91,,Neospathodus waageni ,0.70785,Song et al. (2015)
Qingyan,Qingyan-13 ,Early Triassic,Smithian,250.95,,Neospathodus waageni ,0.7077,Song et al. (2015)
Guandao,GuandaoI-9 ,Early Triassic,Smithian,251,,Neospathodus waageni ,0.70783,Song et al. (2015)
Guandao,GuandaoI-8 ,Early Triassic,Smithian,251.05,,Neospathodus waageni ,0.70774,Song et al. (2015)
 Qingyan ,Qingyan-11 ,Early Triassic,Smithian,251.15,,Neospathodus waageni ,0.70792,Song et al. (2015)
Guandao,GuandaoI-6 ,Early Triassic,Dienerian,251.25,,Neospathodus cristagalli ,0.70779,Song et al. (2015)
Qingyan,Qingyan-9 ,Early Triassic,Dienerian,251.26,,Neospathodus cristagalli ,0.70802,Song et al. (2015)
Qingyan,Qingyan-7 ,Early Triassic,Dienerian,251.44,,Neospathodus cristagalli ,0.70763,Song et al. (2015)
Qingyan,Qingyan-6 ,Early Triassic,Dienerian,251.53,,Neospathodus dieneri ,0.70771,Song et al. (2015)
Guandao,GuandaoI-5 ,Early Triassic,Dienerian,251.6,,Neospathodus dieneri ,0.70779,Song et al. (2015)
Qingyan,Qingyan-5 ,Early Triassic,Dienerian,251.62,,Neospathodus dieneri ,0.7075,Song et al. (2015)
Meishan ,Meishan-37 ,Early Triassic,Griesbachian ,252.05,,Isarcicella isarcica ,0.7075,Song et al. (2015)
Meishan ,Meishan-36,Early Triassic,Griesbachian ,252.1,,Isarcicella isarcica ,0.7075,Song et al. (2015)
Meishan ,Meishan-35,Early Triassic,Griesbachian ,252.13,,Hindeodus parvus ,0.70709,Song et al. (2015)
Meishan ,Meishan-34,Early Triassic,Griesbachian ,252.17,,Hindeodus parvus ,0.70709,Song et al. (2015)
Guandao,GuandaoI-2 ,Early Triassic,Griesbachian ,252.2,,Hindeodus parvus ,0.70735,Song et al. (2015)
Meishan ,Meishan-33,Late Permian ,Changhsingian ,252.22,,Hindeodus changxingensis ,0.70741,Song et al. (2015)
Meishan ,Meishan-32,Late Permian ,Changhsingian ,252.26,,Hindeodus changxingensis ,0.70751,Song et al. (2015)
Meishan ,Meishan-30,Late Permian ,Changhsingian ,252.3,,Clarkina yini ,0.70716,Song et al. (2015)
Meishan ,Meishan-31,Late Permian ,Changhsingian ,252.3,,Clarkina yini ,0.70681,Song et al. (2015)
Meishan ,Meishan-27,Late Permian ,Changhsingian ,252.34,,Clarkina yini ,0.70717,Song et al. (2015)
Meishan ,Meishan-28,Late Permian ,Changhsingian ,252.36,,Clarkina yini ,0.70709,Song et al. (2015)
Meishan ,Meishan-26,Late Permian ,Changhsingian ,252.4,,Clarkina yini ,0.70717,Song et al. (2015)
Meishan ,Meishan-23,Late Permian ,Changhsingian ,252.42,,Clarkina yini ,0.70711,Song et al. (2015)
Meishan ,Meishan-24,Late Permian ,Changhsingian ,252.44,,Clarkina yini ,0.70716,Song et al. (2015)
Meishan ,Meishan-25,Late Permian ,Changhsingian ,252.46,,Clarkina yini ,0.70707,Song et al. (2015)
Meishan ,Meishan-22,Late Permian ,Changhsingian ,252.48,,Clarkina yini ,0.70713,Song et al. (2015)
Meishan ,Meishan-21,Late Permian ,Changhsingian ,252.66,,Clarkina changxingensis ,0.70713,Song et al. (2015)
Meishan ,Meishan-20,Late Permian ,Changhsingian ,252.73,,Clarkina changxingensis ,0.70706,Song et al. (2015)
Meishan ,Meishan-19,Late Permian ,Changhsingian ,252.8,,Clarkina changxingensis ,0.70709,Song et al. (2015)
Meishan ,Meishan-18,Late Permian ,Changhsingian ,252.87,,Clarkina changxingensis ,0.70694,Song et al. (2015)
Meishan ,Meishan-17,Late Permian ,Changhsingian ,252.94,,Clarkina changxingensis ,0.70711,Song et al. (2015)
Meishan ,Meishan-16,Late Permian ,Changhsingian ,253.01,,Clarkina changxingensis ,0.70711,Song et al. (2015)
Meishan ,Meishan-15,Late Permian ,Changhsingian ,253.08,,Clarkina changxingensis ,0.70716,Song et al. (2015)
Meishan ,Meishan-13,Late Permian ,Changhsingian ,253.24,,Clarkina changxingensis ,0.70711,Song et al. (2015)
Meishan ,Meishan-11,Late Permian ,Changhsingian ,253.4,,Clarkina changxingensis ,0.70711,Song et al. (2015)
Meishan ,Meishan-10,Late Permian ,Changhsingian ,253.47,,Clarkina changxingensis ,0.70705,Song et al. (2015)
Meishan ,Meishan-8,Late Permian ,Changhsingian ,253.63,,Clarkina changxingensis ,0.70716,Song et al. (2015)
Meishan ,Meishan-7,Late Permian ,Changhsingian ,253.7,,Clarkina changxingensis ,0.70706,Song et al. (2015)
Meishan ,Meishan-6,Late Permian ,Changhsingian ,253.77,,Clarkina changxingensis ,0.7071,Song et al. (2015)
Meishan ,Meishan-5,Late Permian ,Changhsingian ,253.84,,Clarkina changxingensis ,0.70695,Song et al. (2015)
Meishan ,Meishan-4,Late Permian ,Changhsingian ,253.91,,Clarkina wangi ,0.70714,Song et al. (2015)
Meishan ,Meishan-3,Late Permian ,Changhsingian ,253.98,,Clarkina wangi ,0.70694,Song et al. (2015)
Meishan ,Meishan-2,Late Permian ,Changhsingian ,254.05,,Clarkina wangi ,0.70719,Song et al. (2015)
Meishan ,Meishan-1,Late Permian ,Changhsingian ,254.14,,Clarkina wangi ,0.70718,Song et al. (2015)
,IZ153a,Early Triassic,Spathian,247.28,,,0.7081,Sedlacek et al. (2014)
,IZ145,Early Triassic,Spathian,247.95,,,0.708128,Sedlacek et al. (2014)
,IZ132,Early Triassic,Spathian,249.5,,,0.70801,Sedlacek et al. (2014)
,IZ131,Early Triassic,Spathian,249.66,,,0.707982,Sedlacek et al. (2014)
,IZ122,Early Triassic,Spathian,250.66,,,0.707878,Sedlacek et al. (2014)
,IZ120,Early Triassic,Smithian,250.68,,,0.707871,Sedlacek et al. (2014)
,IZ113,Early Triassic,Smithian,250.77,,,0.707862,Sedlacek et al. (2014)
,IZ111,Early Triassic,Smithian,250.81,,,0.707724,Sedlacek et al. (2014)
,IZ108,Early Triassic,Smithian,250.85,,,0.707707,Sedlacek et al. (2014)
,IZ104,Early Triassic,Smithian,250.91,,,0.707681,Sedlacek et al. (2014)
,IZ100,Early Triassic,Smithian,250.95,,,0.707737,Sedlacek et al. (2014)
,IZ99,Early Triassic,Smithian,250.96,,,0.707594,Sedlacek et al. (2014)
,IZ98,Early Triassic,Smithian,250.98,,,0.707662,Sedlacek et al. (2014)
,IZ96,Early Triassic,Dienerian,251.01,,,0.70759,Sedlacek et al. (2014)
,IZ95,Early Triassic,Dienerian,251.02,,,0.707585,Sedlacek et al. (2014)
,IS92,Early Triassic,Dienerian,251.04,,,0.707548,Sedlacek et al. (2014)
,IS90,Early Triassic,Dienerian,251.06,,,0.707605,Sedlacek et al. (2014)
,IS86,Early Triassic,Dienerian,251.07,,,0.707517,Sedlacek et al. (2014)
,IS84,Early Triassic,Dienerian,251.08,,,0.707524,Sedlacek et al. (2014)
,IS83,Early Triassic,Dienerian,251.09,,,0.70749,Sedlacek et al. (2014)
,IS82,Early Triassic,Dienerian,251.1,,,0.707514,Sedlacek et al. (2014)
,IS76,Early Triassic,Dienerian,251.17,,,0.707473,Sedlacek et al. (2014)
,IS72,Early Triassic,Dienerian,251.2,,,0.707503,Sedlacek et al. (2014)
,IS69,Early Triassic,Dienerian,251.22,,,0.707489,Sedlacek et al. (2014)
,IS67,Early Triassic,Dienerian,251.25,,,0.707468,Sedlacek et al. (2014)
,IS65,Early Triassic,Dienerian,251.27,,,0.707484,Sedlacek et al. (2014)
,IS64,Early Triassic,Dienerian,251.27,,,0.707501,Sedlacek et al. (2014)
,IS63,Early Triassic,Dienerian,251.28,,,0.707513,Sedlacek et al. (2014)
,IS62,Early Triassic,Dienerian,251.28,,,0.707498,Sedlacek et al. (2014)
,IS61,Early Triassic,Dienerian,251.29,,,0.707501,Sedlacek et al. (2014)
,IZ60,Early Triassic,Dienerian,251.3,,,0.707549,Sedlacek et al. (2014)
,IZ47,Early Triassic,Dienerian,251.3,,,0.707459,Sedlacek et al. (2014)
,IZ44,Early Triassic,Dienerian,251.33,,,0.707539,Sedlacek et al. (2014)
,IZ43,Early Triassic,Dienerian,251.33,,,0.707467,Sedlacek et al. (2014)
,IZ39,Early Triassic,Dienerian,251.43,,,0.707427,Sedlacek et al. (2014)
,IZ35,Early Triassic,Dienerian,251.46,,,0.707397,Sedlacek et al. (2014)
,IZ34,Early Triassic,Dienerian,251.47,,,0.707451,Sedlacek et al. (2014)
,IZ32 ,Early Triassic,Dienerian,251.49,,,0.707479,Sedlacek et al. (2014)
,IZ29,Early Triassic,Dienerian,251.58,,,0.707447,Sedlacek et al. (2014)
,IZ28,Early Triassic,Dienerian,251.59,,,0.707396,Sedlacek et al. (2014)
,IZ27,Early Triassic,Dienerian,251.6,,,0.707386,Sedlacek et al. (2014)
,IZ26 ,Early Triassic,Dienerian,251.61,,,0.707358,Sedlacek et al. (2014)
,IZ25,Early Triassic,Dienerian,251.62,,,0.707366,Sedlacek et al. (2014)
,IZ24,Early Triassic,Dienerian,251.63,,,0.707401,Sedlacek et al. (2014)
,IZ21,Early Triassic,Dienerian,251.67,,,0.707413,Sedlacek et al. (2014)
,IZ20,Early Triassic,Griesbachian,251.69,,,0.707594,Sedlacek et al. (2014)
,IZ18 ,Early Triassic,Griesbachian,251.73,,,0.707265,Sedlacek et al. (2014)
,IZ14,Late Permian ,Griesbachian,251.99,,,0.707645,Sedlacek et al. (2014)
,IZ11,Late Permian ,Griesbachian,252.05,,,0.7072,Sedlacek et al. (2014)
,IZ10,Late Permian ,Griesbachian,252.07,,,0.707153,Sedlacek et al. (2014)
,IZ8 ,Late Permian ,Griesbachian,252.11,,,0.707217,Sedlacek et al. (2014)
,IZ6,Late Permian ,Griesbachian,252.15,,,0.70722,Sedlacek et al. (2014)
,IZ4,Late Permian ,Changhsingian,252.19,,,0.707212,Sedlacek et al. (2014)
,IZ3,Late Permian ,Changhsingian,252.21,,,0.707166,Sedlacek et al. (2014)
,IZ2,Late Permian ,Changhsingian,252.23,,,0.707099,Sedlacek et al. (2014)
,IZ1,Late Permian ,Changhsingian,252.25,,,0.707072,Sedlacek et al. (2014)
Grodziec,ez 16,Late Permian ,Zechstein 1,259.2,,,0.707329,Korte et al. (2006)
Zeche Beeckerwerth,ez 36,Late Permian ,Zechstein 1,259.2,,,0.707205,Korte et al. (2006)
Schuchardt quary,ez 28,Late Permian ,Zechstein 1,259.2,,,0.707142,Korte et al. (2006)
Grodziec,ez 18,Late Permian ,Zechstein 1,259.2,,,0.707135,Korte et al. (2006)
Grodziec,ez 4,Late Permian ,Zechstein 1,259.2,,,0.707108,Korte et al. (2006)
"Koscielna, Wegliniec",ez 10,Late Permian ,Zechstein 1,259.2,,,0.7071,Korte et al. (2006)
Zeche Beeckerwerth II,ez 9,Late Permian ,Zechstein 1,259.2,,,0.707093,Korte et al. (2006)
Grodziec,ez 17,Late Permian ,Zechstein 1,259.2,,,0.70707,Korte et al. (2006)
Schuchardt quary,ez 32,Late Permian ,Zechstein 1,259.2,,,0.707047,Korte et al. (2006)
Gerlach quary,ez 19,Late Permian ,Zechstein 1,259.2,,,0.707046,Korte et al. (2006)
Gerlach quary,ez 3,Late Permian ,Zechstein 1,259.2,,,0.707046,Korte et al. (2006)
Schuchardt quary,ez 33,Late Permian ,Zechstein 1,259.2,,,0.707044,Korte et al. (2006)
Schuchardt quary,ez 30,Late Permian ,Zechstein 1,259.2,,,0.70703,Korte et al. (2006)
Iwiny Grube Konrad,ez 6,Late Permian ,Zechstein 1,259.2,,,0.707017,Korte et al. (2006)
Schalhof,ez 25,Late Permian ,Zechstein 1,259.2,,,0.707008,Korte et al. (2006)
"Koscielna, Wegliniec",ez 8,Late Permian ,Zechstein 1,259.2,,,0.706999,Korte et al. (2006)
Budinger Tunnel,ez 2,Late Permian ,Zechstein 1,259.2,,,0.706983,Korte et al. (2006)
Zeche Beeckerwerth II,ez 1,Late Permian ,Zechstein 1,259.2,,,0.706974,Korte et al. (2006)
Jolfa,J B-1,Late Permian ,Dzhulfian,257.74,,Clarkina leveni,0.706923,Korte et al. (2006)
Jolfa,J B-2,Late Permian ,Dzhulfian,257.41,,Clarkina leveni,0.70697,Korte et al. (2006)
Jolfa,J B-5,Late Permian ,Dzhulfian,257.04,,Clarkina leveni,0.70701,Korte et al. (2006)
Jolfa,J 37,Late Permian ,Dzhulfian,256.82,,Clarkina leveni,0.707006,Korte et al. (2006)
Jolfa,J B-9,Late Permian ,Dzhulfian,256.32,,Clarkina leveni,0.70699,Korte et al. (2006)
Jolfa,J B-10,Late Permian ,Dzhulfian,256.2,,Clarkina leveni,0.706945,Korte et al. (2006)
Zhongliang (Chongquing),ch 79,Late Permian ,,253.77,,,0.707012,Korte et al. (2006)
Meishan D,ch 52,Late Permian ,,253.1,,Clarkina subcarinata s.l.,0.70706,Korte et al. (2006)
Meishan D,ch 67,Late Permian ,,253.1,,Clarkina subcarinata s.l.,0.707017,Korte et al. (2006)
Jolfa,J 81-A,Late Permian ,Dorashamian (Changxingian),252.82,,,0.70705,Korte et al. (2006)
Meishan D,ch 51,Late Permian ,Changxingian,252.56,,C. changxingensis - C. deflecta s.l.,0.707125,Korte et al. (2006)
Jolfa,J 88,Late Permian ,Dorashamian (Changxingian),252.26,,C. changxingensis - C. deflecta s.l.,0.707138,Korte et al. (2006)
Meishan D,ch 49,Late Permian ,Changxingian,252.23,,C. changxingensis - C. deflecta s.l.,0.707051,Korte et al. (2006)
Meishan D,ch 50,Late Permian ,Changxingian,252.23,,C. changxingensis - C. deflecta s.l.,0.70705,Korte et al. (2006)
Meishan D,ch 57,Late Permian ,Changxingian,251.96,,C. changxingensis - C. deflecta s.l.,0.707123,Korte et al. (2006)
Meishan D,ch 44,Late Permian ,Changxingian,251.92,,C. changxingensis - C. deflecta s.l.,0.70722,Korte et al. (2006)
Meishan D,ch 46,Late Permian ,Changxingian,251.91,,C. changxingensis - C. deflecta s.l.,0.707109,Korte et al. (2006)
Meishan D,ch 69,Early Triassic,,251.89,,,0.707094,Korte et al. (2006)
Meishan D,ch 73,Early Triassic,,251.85,,,0.707104,Korte et al. (2006)
Meishan D,ch 71,Early Triassic,,251.83,,,0.707166,Korte et al. (2006)
Meishan D,ch 72,Early Triassic,,251.83,,,0.707157,Korte et al. (2006)
Zhongliang (Chongquing),ch 83,Early Triassic,,251.71,,,0.707021,Korte et al. (2006)
Zhongliang (Chongquing),ch 84,Early Triassic,,251.7,,,0.707059,Korte et al. (2006)
Meishan D,ch 70,Early Triassic,,251.7,,,0.707212,Korte et al. (2006)
Meishan D,ch 45,Early Triassic,Changxingian,251.7,,Clarkina zhangi,0.707114,Korte et al. (2006)
Jolfa,J V-6,Early Triassic,Dorashamian (Changxingian),251.58,,Clarkina iranica,0.707046,Korte et al. (2006)
Abadeh,Aba 11 b,Middle Permian,Capitanian,262,,,0.707171,Korte et al. (2006)
Abadeh,Aba 24,Late Permian ,Dzhulfian,256.5,,Clarkina leveni,0.707049,Korte et al. (2006)
Abadeh,Aba 32,Late Permian ,Dzhulfian,255.5,,Clarkina orientalis,0.707113,Korte et al. (2006)
Abadeh,Aba 45,Late Permian ,Dorashamian,253.8,,Clarkina subcarinata,0.707207,Korte et al. (2006)
Pietra dei Saracini,Palaz 6,Early Triassic,Brahmanian,250.91,,Hindeodus parvus,0.70743,Korte et al. (2006)
Pietra dei Saracini,Palaz 7,Early Triassic,Brahmanian,250.82,,Isarcicella isarcisa,0.707354,Korte et al. (2006)
Pietra dei Saracini,Palaz 8,Early Triassic,Brahmanian,250.72,,Isarcicella isarcisa,0.70735,Korte et al. (2006)
Pietra dei Saracini,Palaz 9,Early Triassic,Brahmanian,250.65,,Isarcicella isarcisa,0.707485,Korte et al. (2006)
Pietra dei Saracini,Palaz 10,Early Triassic,Brahmanian,250.45,,Hindeodus postparvus,0.707419,Korte et al. (2006)
Abadeh,Aba 85,Early Triassic,Brahmanian,250.45,,Hindeodus postparvus,0.70727,Korte et al. (2006)
Pietra dei Saracini,Palaz 11,Early Triassic,Brahmanian,249.43,,Neospathodus dieneri,0.707463,Korte et al. (2006)
Pietra dei Saracini,Palaz 13,Early Triassic,Brahmanian,248.38,,Neospathodus dieneri,0.707478,Korte et al. (2006)
Pietra dei Saracini,Palaz 14,Early Triassic,Brahmanian,248.1,,Neospathodus dieneri,0.707679,Korte et al. (2006)
Uomo,Uomo 23,Middle Triassic,Olenekian,246.62,,N. waageni - S. meeki,0.707876,Korte et al. (2006)
Pietra dei Saracini,Palaz 44,Middle Triassic,Olenekian,242.33,,Triassospathodus sosioensis,0.70816,Korte et al. (2006)
Pietra dei Saracini,Palaz 17,Middle Triassic,Olenekian,242.2,,Triassospathodus sosioensis,0.708154,Korte et al. (2006)
Pietra dei Saracini,Palaz 43,Middle Triassic,Olenekian,242.09,,Triassospathodus sosioensis,0.708186,Korte et al. (2006)
Pietra dei Saracini,Palaz 18,Middle Triassic,Olenekian,242,,Triassospathodus sosioensis,0.708172,Korte et al. (2006)
Pietra dei Saracini,Palaz 19,Middle Triassic,Olenekian,241.87,,Triassospathodus sosioensis,0.708178,Korte et al. (2006)
Pietra dei Saracini,Palaz 20,Middle Triassic,Olenekian,242.71,,Triassospathodus sosioensis,0.708166,Korte et al. (2006)
Pietra dei Saracini,Palaz 41,Middle Triassic,Olenekian,241.66,,Triassospathodus sosioensis,0.708219,Korte et al. (2006)
Pietra dei Saracini,Palaz 40,Middle Triassic,Olenekian,241.47,,Chiosella gondolelloides,0.708127,Korte et al. (2006)
Pietra dei Saracini,Palaz 39,Middle Triassic,Olenekian,241.34,,Chiosella gondolelloides,0.70814,Korte et al. (2006)
Pietra dei Saracini,Palaz 38,Middle Triassic,Olenekian,241.26,,Chiosella gondolelloides,0.708124,Korte et al. (2006)
Xikou section,24,Early Permian,Asselian,298.22,,,0.708105,Wang et al. (2021)
Xikou section,43,Early Permian,Asselian,296.28,,,0.707807,Wang et al. (2021)
Xikou section,177,Early Permian,Asselian,296.28,,,0.707897,Wang et al. (2021)
Xikou section,199,Early Permian,Asselian,296.28,,,0.707836,Wang et al. (2021)
Xikou section,199,Early Permian,Asselian,296.28,,,0.70783,Wang et al. (2021)
Xikou section,12,Early Permian,Asselian,295.54,,,0.70782,Wang et al. (2021)
Xikou section,40,Early Permian,Asselian,295.54,,,0.707814,Wang et al. (2021)
Xikou section,56,Early Permian,Asselian,293.55,,,,Wang et al. (2021)
Xikou section,175,Middle Permian,Wordian,265.72,,,0.707123,Wang et al. (2021)
Xikou section,36,Middle Permian,Wordian,265.21,,,0.70709,Wang et al. (2021)
Xikou section,205,Middle Permian,Wordian,265.11,,,,Wang et al. (2021)
Xikou section,38,Middle Permian,Wordian,264.73,,,,Wang et al. (2021)
Xikou section,34,Middle Permian,Wordian,264.34,,,0.707045,Wang et al. (2021)
Xikou section,37,Middle Permian,Wordian,264.34,,,0.707059,Wang et al. (2021)
Xikou section,11,Middle Permian,Capitanian,264.15,,,0.707047,Wang et al. (2021)
Xikou section,31,Middle Permian,Capitanian,264.14,,,0.70707,Wang et al. (2021)
Xikou section,6,Middle Permian,Capitanian,263.7,,,,Wang et al. (2021)
Xikou section,45,Middle Permian,Capitanian,263.46,,,0.706936,Wang et al. (2021)
Xikou section,9,Middle Permian,Capitanian,263.45,,,0.707006,Wang et al. (2021)
Xikou section,10,Middle Permian,Capitanian,263.45,,,0.706971,Wang et al. (2021)
Xikou section,44,Middle Permian,Capitanian,263.45,,,0.706973,Wang et al. (2021)
Xikou section,212,Middle Permian,Capitanian,263.06,,,0.70695,Wang et al. (2021)
Xikou section,227,Middle Permian,Capitanian,262.97,,,0.706945,Wang et al. (2021)
Xikou section,227,Middle Permian,Capitanian,262.97,,,0.7069,Wang et al. (2021)
Xikou section,26,Middle Permian,Capitanian,262.94,,,,Wang et al. (2021)
Xikou section,88,Middle Permian,Capitanian,262.89,,,0.706912,Wang et al. (2021)
Xikou section,103,Middle Permian,Capitanian,262.89,,,0.70709,Wang et al. (2021)
Xikou section,47,Middle Permian,Capitanian,262.39,,,0.706863,Wang et al. (2021)
Xikou section,32,Middle Permian,Capitanian,262.23,,,0.706862,Wang et al. (2021)
Xikou section,32,Middle Permian,Capitanian,262.23,,,0.70685,Wang et al. (2021)
Xikou section,53,Middle Permian,Capitanian,262.23,,,0.706856,Wang et al. (2021)
Xikou section,188,Middle Permian,Capitanian,262.15,,,0.706927,Wang et al. (2021)
Xikou section,188,Middle Permian,Capitanian,262.15,,,0.706914,Wang et al. (2021)
Xikou section,58,Middle Permian,Capitanian,262,,,,Wang et al. (2021)
Xikou section,206,Middle Permian,Capitanian,262,,,0.706919,Wang et al. (2021)
Xikou section,135,Middle Permian,Capitanian,261.36,,,0.706886,Wang et al. (2021)
Xikou section,101,Middle Permian,Capitanian,261.33,,,0.706886,Wang et al. (2021)
Xikou section,61,Middle Permian,Capitanian,261.04,,,0.706881,Wang et al. (2021)
Xikou section,178,Middle Permian,Capitanian,260.82,,,0.70712,Wang et al. (2021)
Xikou section,136,Middle Permian,Capitanian,260.81,,,0.706843,Wang et al. (2021)
Xikou section,226,Middle Permian,Capitanian,260.77,,,,Wang et al. (2021)
Xikou section,120,Middle Permian,Capitanian,260.38,,,0.707056,Wang et al. (2021)
Xikou section,62,Middle Permian,Capitanian,260.36,,,0.707003,Wang et al. (2021)
Xikou section,62,Middle Permian,Capitanian,260.36,,,0.706921,Wang et al. (2021)
Xikou section,80,Middle Permian,Capitanian,260.36,,,0.70688,Wang et al. (2021)
Xikou section,141,Middle Permian,Capitanian,260.33,,,0.706862,Wang et al. (2021)
Xikou section,141,Middle Permian,Capitanian,260.33,,,0.706885,Wang et al. (2021)
Xikou section,18,Middle Permian,Capitanian,259.87,,,,Wang et al. (2021)
Xikou section,50,Middle Permian,Capitanian,259.87,,,,Wang et al. (2021)
Xikou section,52,Middle Permian,Capitanian,259.87,,,0.707276,Wang et al. (2021)
Xikou section,183,Middle Permian,Capitanian,259.87,,,0.707136,Wang et al. (2021)
Xikou section,214,Middle Permian,Capitanian,259.87,,,0.706907,Wang et al. (2021)
Xikou section,214,Middle Permian,Capitanian,259.87,,,0.706911,Wang et al. (2021)
Xikou section,48,Middle Permian,Capitanian,259.82,,,,Wang et al. (2021)
Xikou section,51,Middle Permian,Capitanian,259.58,,,,Wang et al. (2021)
Xikou section,86,Middle Permian,Capitanian,259.53,,,0.706838,Wang et al. (2021)
Xikou section,203,Middle Permian,Capitanian,259.53,,,,Wang et al. (2021)
Xikou section,180,Late Permian ,Wuchiapingian,258.89,,,0.706934,Wang et al. (2021)
Xikou section,179,Late Permian ,Wuchiapingian,258.77,,,0.707155,Wang et al. (2021)
Xikou section,182,Late Permian ,Wuchiapingian,258.74,,,0.707118,Wang et al. (2021)
Xikou section,70,Late Permian ,Wuchiapingian,258.63,,,,Wang et al. (2021)
Xikou section,181,Late Permian ,Wuchiapingian,258.62,,,0.707209,Wang et al. (2021)
Xikou section,22,Late Permian ,Wuchiapingian,258.42,,,0.707091,Wang et al. (2021)
Xikou section,68,Late Permian ,Wuchiapingian,258.05,,,,Wang et al. (2021)
Xikou section,221,Late Permian ,Wuchiapingian,257.92,,,,Wang et al. (2021)
Xikou section,25,Late Permian ,Wuchiapingian,257.87,,,0.706996,Wang et al. (2021)
Xikou section,29,Late Permian ,Wuchiapingian,257.44,,,,Wang et al. (2021)
Xikou section,184,Late Permian ,Wuchiapingian,257.39,,,0.707037,Wang et al. (2021)
Xikou section,123,Late Permian ,Wuchiapingian,257.39,,,,Wang et al. (2021)
Xikou section,67,Late Permian ,Wuchiapingian,257.38,,,0.70701,Wang et al. (2021)
Xikou section,198,Late Permian ,Wuchiapingian,257.34,,,,Wang et al. (2021)
Xikou section,105,Late Permian ,Wuchiapingian,257.32,,,,Wang et al. (2021)
Xikou section,189,Late Permian ,Wuchiapingian,256.92,,,0.706959,Wang et al. (2021)
Xikou section,17,Late Permian ,Wuchiapingian,256.91,,,,Wang et al. (2021)
Xikou section,197,Late Permian ,Wuchiapingian,256.91,,,0.707028,Wang et al. (2021)
Xikou section,194,Late Permian ,Wuchiapingian,256.9,,,0.706952,Wang et al. (2021)
Xikou section,191,Late Permian ,Wuchiapingian,256.87,,,0.706999,Wang et al. (2021)
Xikou section,200,Late Permian ,Wuchiapingian,256.87,,,0.706964,Wang et al. (2021)
Xikou section,89,Late Permian ,Wuchiapingian,256.81,,,,Wang et al. (2021)
Xikou section,192,Late Permian ,Wuchiapingian,256.81,,,0.707001,Wang et al. (2021)
Xikou section,192,Late Permian ,Wuchiapingian,256.81,,,0.707446,Wang et al. (2021)
Xikou section,92,Late Permian ,Wuchiapingian,256.63,,,,Wang et al. (2021)
Xikou section,94,Late Permian ,Wuchiapingian,256.44,,,,Wang et al. (2021)
Xikou section,96,Late Permian ,Wuchiapingian,256.31,,,,Wang et al. (2021)
Xikou section,224,Late Permian ,Wuchiapingian,256.3,,,0.70698,Wang et al. (2021)
Xikou section,216,Late Permian ,Wuchiapingian,256.24,,,0.706985,Wang et al. (2021)
Xikou section,222,Late Permian ,Wuchiapingian,256.24,,,0.707003,Wang et al. (2021)
Xikou section,190,Late Permian ,Wuchiapingian,256.21,,,0.707058,Wang et al. (2021)
Xikou section,223,Late Permian ,Wuchiapingian,256.18,,,0.706985,Wang et al. (2021)
Xikou section,215,Late Permian ,Wuchiapingian,255.86,,,0.707006,Wang et al. (2021)
Xikou section,99,Late Permian ,Wuchiapingian,255.86,,,0.7073,Wang et al. (2021)
Xikou section,102,Late Permian ,Wuchiapingian,255.81,,,0.706953,Wang et al. (2021)
Xikou section,230,Late Permian ,Wuchiapingian,255.79,,,0.706977,Wang et al. (2021)
Xikou section,230,Late Permian ,Wuchiapingian,255.79,,,0.706965,Wang et al. (2021)
Xikou section,8,Late Permian ,Wuchiapingian,255.67,,,,Wang et al. (2021)
Xikou section,193,Late Permian ,Wuchiapingian,255.66,,,0.706995,Wang et al. (2021)
Xikou section,193,Late Permian ,Wuchiapingian,255.66,,,0.706979,Wang et al. (2021)
Xikou section,75,Late Permian ,Wuchiapingian,255.51,,,0.707023,Wang et al. (2021)
Xikou section,100,Late Permian ,Wuchiapingian,255.49,,,,Wang et al. (2021)
Xikou section,122,Late Permian ,Wuchiapingian,254.9,,,,Wang et al. (2021)
Xikou section,176,Late Permian ,Wuchiapingian,254.88,,,,Wang et al. (2021)
Xikou section,71,Late Permian ,Wuchiapingian,254.83,,,,Wang et al. (2021)
Xikou section,219,Late Permian ,Wuchiapingian,254.83,,,0.707016,Wang et al. (2021)
Xikou section,16,Late Permian ,Wuchiapingian,254.75,,,,Wang et al. (2021)
Xikou section,104,Late Permian ,Wuchiapingian,254.37,,,0.707009,Wang et al. (2021)
Xikou section,163,Late Permian ,Wuchiapingian,254.35,,,0.707067,Wang et al. (2021)
Xikou section,163,Late Permian ,Wuchiapingian,254.35,,,0.707033,Wang et al. (2021)
Xikou section,13,Late Permian ,Wuchiapingian,254.35,,,0.706989,Wang et al. (2021)
Xikou section,106,Late Permian ,Wuchiapingian,254.35,,,0.707006,Wang et al. (2021)
Xikou section,220,Late Permian ,Wuchiapingian,254.35,,,0.707021,Wang et al. (2021)
Xikou section,162,Late Permian ,Wuchiapingian,254.31,,,0.707031,Wang et al. (2021)
Xikou section,161,Late Permian ,Wuchiapingian,254.18,,,0.707029,Wang et al. (2021)
Xikou section,158,Late Permian ,Wuchiapingian,254.11,,,0.707011,Wang et al. (2021)
Xikou section,112,Late Permian ,Wuchiapingian,254.11,,,0.707004,Wang et al. (2021)
Xikou section,164,Late Permian ,Wuchiapingian,254.06,,,0.707003,Wang et al. (2021)
Xikou section,144,Late Permian ,Wuchiapingian,254.06,,,0.707018,Wang et al. (2021)
Xikou section,165,Late Permian ,Wuchiapingian,254.02,,,0.707068,Wang et al. (2021)
Xikou section,165,Late Permian ,Wuchiapingian,254.02,,,0.707001,Wang et al. (2021)
Xikou section,157,Late Permian ,Changhsingian,253.75,,,0.707027,Wang et al. (2021)
Xikou section,170,Late Permian ,Changhsingian,253.61,,,0.707038,Wang et al. (2021)
Xikou section,3,Late Permian ,Changhsingian,253.6,,,0.707018,Wang et al. (2021)
Xikou section,3,Late Permian ,Changhsingian,253.6,,,0.707022,Wang et al. (2021)
Xikou section,116,Late Permian ,Changhsingian,253.6,,,0.707022,Wang et al. (2021)
Xikou section,116,Late Permian ,Changhsingian,253.6,,,0.707005,Wang et al. (2021)
Xikou section,110,Late Permian ,Changhsingian,253.6,,,0.707033,Wang et al. (2021)
Xikou section,110,Late Permian ,Changhsingian,253.6,,,0.707114,Wang et al. (2021)
Xikou section,23,Late Permian ,Changhsingian,253.56,,,0.706975,Wang et al. (2021)
Xikou section,1,Late Permian ,Changhsingian,253.38,,,0.707036,Wang et al. (2021)
Xikou section,155,Late Permian ,Changhsingian,253.37,,,,Wang et al. (2021)
Xikou section,156,Late Permian ,Changhsingian,253.36,,,,Wang et al. (2021)
Xikou section,79,Late Permian ,Changhsingian,253.34,,,,Wang et al. (2021)
Xikou section,76,Late Permian ,Changhsingian,252.82,,,,Wang et al. (2021)
Xikou section,169,Late Permian ,Changhsingian,252.55,,,,Wang et al. (2021)
Xikou section,167,Late Permian ,Changhsingian,252.52,,,0.707069,Wang et al. (2021)
Xikou section,167,Late Permian ,Changhsingian,252.52,,,0.707065,Wang et al. (2021)
Xikou section,160,Late Permian ,Changhsingian,252.51,,,0.707158,Wang et al. (2021)
Xikou section,160,Late Permian ,Changhsingian,252.51,,,0.707085,Wang et al. (2021)
Xikou section,201,Late Permian ,Changhsingian,252.46,,,0.707056,Wang et al. (2021)
Xikou section,83,Late Permian ,Changhsingian,252.32,,,0.707138,Wang et al. (2021)
Xikou section,21,Late Permian ,Changhsingian,252.24,,,,Wang et al. (2021)
Xikou section,171,Late Permian ,Changhsingian,252.16,,,0.707141,Wang et al. (2021)
Xikou section,14,Late Permian ,Changhsingian,252.15,,,0.707164,Wang et al. (2021)
Xikou section,20,Late Permian ,Changhsingian,251.96,,,0.707137,Wang et al. (2021)
Xikou section,174,Late Permian ,Changhsingian,251.9,,,0.707167,Wang et al. (2021)
Shanggang,SG-164,Early Triassic,Olenekian,248.42,Carbonate,,0.709224,Cao et al. (2022)
Shanggang,SG-160,Early Triassic,Olenekian,248.77,Carbonate,,0.709213,Cao et al. (2022)
Shanggang,SG-156,Early Triassic,Olenekian,249.15,Carbonate,,0.709106,Cao et al. (2022)
Shanggang,SG-153a,Early Triassic,Olenekian,249.58,Carbonate,,0.70938,Cao et al. (2022)
Shanggang,SG-145,Early Triassic,Olenekian,250.37,Carbonate,,0.708761,Cao et al. (2022)
Shanggang,SG-138,Early Triassic,Olenekian,250.57,Carbonate,,0.709403,Cao et al. (2022)
Shanggang,SG-132,Early Triassic,Olenekian,250.65,Carbonate,,0.708289,Cao et al. (2022)
Shanggang,SG-116*,Early Triassic,Olenekian,250.95,Carbonate,,0.710453,Cao et al. (2022)
Shanggang,SG-106,Early Triassic,Olenekian,251.2,Carbonate,,0.708893,Cao et al. (2022)
Shanggang,SG-102*,Early Triassic,Induan,251.24,Carbonate,,0.709596,Cao et al. (2022)
Shanggang,SG-97,Early Triassic,Induan,251.27,Carbonate,,0.708612,Cao et al. (2022)
Shanggang,SG-92,Early Triassic,Induan,251.31,Carbonate,,0.70867,Cao et al. (2022)
Shanggang,SG-81,Early Triassic,Induan,251.37,Carbonate,,0.708747,Cao et al. (2022)
Shanggang,SG-69,Early Triassic,Induan,251.4,Carbonate,,0.708537,Cao et al. (2022)
Shanggang,SG-60,Early Triassic,Induan,251.43,Carbonate,,0.708688,Cao et al. (2022)
Shanggang,SG-50,Early Triassic,Induan,251.5,Carbonate,,0.708255,Cao et al. (2022)
Shanggang,SG-43a,Early Triassic,Induan,251.55,Carbonate,,0.708289,Cao et al. (2022)
Shanggang,SG-25,Early Triassic,Induan,251.62,Carbonate,,0.708499,Cao et al. (2022)
Shanggang,SG-17,Early Triassic,Induan,251.66,Carbonate,,0.70808,Cao et al. (2022)
Shanggang,SG-16,Early Triassic,Induan,251.68,Carbonate,,0.708421,Cao et al. (2022)
Shanggang,SG-14,Early Triassic,Induan,251.69,Carbonate,,0.708048,Cao et al. (2022)
Shanggang,SG-13+0.45,Early Triassic,Induan,251.72,Carbonate,,0.708214,Cao et al. (2022)
Shanggang,SG-12+5.6,Early Triassic,Induan,251.75,Carbonate,,0.707611,Cao et al. (2022)
Shanggang,SG-12+2.5,Early Triassic,Induan,251.83,Carbonate,,0.707698,Cao et al. (2022)
Shanggang,SG-11+1.3,Late Permian ,Changhsingian,251.91,Carbonate,,0.707882,Cao et al. (2022)
Shanggang,SG-11+0.9,Late Permian ,Changhsingian,251.92,Carbonate,,0.708056,Cao et al. (2022)
Shanggang,SG-10-0.1,Late Permian ,Changhsingian,251.95,Carbonate,,0.707509,Cao et al. (2022)
Shanggang,SG-10+2.1,Late Permian ,Changhsingian,252.03,Carbonate,,0.707294,Cao et al. (2022)
Shanggang,SG-10+0.1,Late Permian ,Changhsingian,252.13,Carbonate,,0.707454,Cao et al. (2022)
Shanggang,SG-9+6.4,Late Permian ,Changhsingian,252.19,Carbonate,,0.707546,Cao et al. (2022)
Shanggang,SG-9+4.5,Late Permian ,Changhsingian,252.29,Carbonate,,0.707481,Cao et al. (2022)
Shanggang,SG-9+3.4,Late Permian ,Changhsingian,252.34,Carbonate,,0.707425,Cao et al. (2022)
Shanggang,SG-9+1.6,Late Permian ,Changhsingian,252.43,Carbonate,,0.707618,Cao et al. (2022)
Shangsi,SS005605-5,Late Permian ,Capitanian,259.38,Carbonate,,0.707015,Cao et al. (2022)
Shangsi,SS006300-5,Late Permian ,Capitanian,259.19,Carbonate,,,Cao et al. (2022)
Shangsi,SS006900-5,Late Permian ,Wuchiapingian,259.03,Carbonate,,0.707016,Cao et al. (2022)
Shangsi,SS0081105-5,Late Permian ,Wuchiapingian,258.64,Carbonate,,,Cao et al. (2022)
Shangsi,SS013599-5,Late Permian ,Wuchiapingian,258.34,Carbonate,,0.707249,Cao et al. (2022)
Shangsi,SS015156-2,Late Permian ,Wuchiapingian,257.46,Carbonate,,0.707032,Cao et al. (2022)
Shangsi,SS015283-2*,Late Permian ,Wuchiapingian,257.14,Carbonate,,0.707124,Cao et al. (2022)
Shangsi,SS018585-2,Late Permian ,Changhsingian,253.35,Carbonate,,0.707076,Cao et al. (2022)
Shangsi,SS5021016-3,Late Permian ,Changhsingian,252.89,Carbonate,,0.707185,Cao et al. (2022)
Shangsi,SS022169-3*,Late Permian ,Changhsingian,252.32,Carbonate,,0.707199,Cao et al. (2022)
Shangsi,SS024021-3,Late Permian ,Changhsingian,252.13,Carbonate,,0.707174,Cao et al. (2022)
Shangsi,SS030104-2,Early Triassic,Induan,251.41,Carbonate,,0.707335,Cao et al. (2022)
Tieqaio,1241670,Early Permian,Kungurian,283.5,Carbonate,Ps. Coastatus,0.707511,Cao et al. (2022)
Tieqiao,1241710,Early Permian,Kungurian,281.99,Carbonate,,0.707414,Cao et al. (2022)
Tieqiao,1241746,Early Permian,Kungurian,280.31,Carbonate,,0.707371,Cao et al. (2022)
Tieqaio,1241790,Early Permian,Kungurian,278.57,Carbonate,,0.707274,Cao et al. (2022)
Tieqaio,1241842,Early Permian,Kungurian,275.95,Carbonate,,0.707227,Cao et al. (2022)
Tieqaio,1241894,Early Permian,Kungurian,273.95,Carbonate,S. subasymmetricus,0.707156,Cao et al. (2022)
Tieqaio,1241926,Early Permian,Kungurian,273.09,Carbonate,S. subasymmetricus,0.707076,Cao et al. (2022)
Tieqaio,1241960,Middle Permian,Roadian,270.45,Carbonate,J. nankingensis,0.707205,Cao et al. (2022)
Tieqaio,1241997,Middle Permian,Roadian,269.3,Carbonate,J. nankingensis,0.7071,Cao et al. (2022)
Tieqaio,1242446,Middle Permian,Wordian,268.09,Carbonate,J. aserrata,0.707078,Cao et al. (2022)
Tieqaio,1242454,Middle Permian,Wordian,266.77,Carbonate,J. aserrata,0.707131,Cao et al. (2022)
Tieqaio,1242462,Middle Permian,Capitanian,265.1,Carbonate,J. aserrata,0.707127,Cao et al. (2022)
Tieqaio,1242470,Middle Permian,Capitanian,264.34,Carbonate,J. posterrata,0.707136,Cao et al. (2022)
Tieqaio,1242478,Middle Permian,Capitanian,263.43,Carbonate,J. posterrata,0.707127,Cao et al. (2022)
Tieqaio,1242486,Middle Permian,Capitanian,262.55,Carbonate,J. shannoni/J. altudaensis,0.707227,Cao et al. (2022)
Tieqaio,1242493,Middle Permian,Capitanian,261.75,Carbonate,J. shannoni/J. altudaensis,0.707084,Cao et al. (2022)
Tieqaio,1242512*,Middle Permian,Capitanian,260.03,Carbonate,J. prexuanhanensis,0.707177,Cao et al. (2022)
Tieqaio,2584,Late Permian ,Wuchiapingian,258.72,Carbonate,C. leveni(?),0.7071,Cao et al. (2022)
Tieqaio,2619,Late Permian ,Wuchiapingian,257.96,Carbonate,,0.707185,Cao et al. (2022)
Tieqaio,2660,Late Permian ,Wuchiapingian,257.5,Carbonate,,0.707198,Cao et al. (2022)
Tieqaio,2704,Late Permian ,Wuchiapingian,256.59,Carbonate,,0.707237,Cao et al. (2022)
Tieqaio,2729,Late Permian ,Wuchiapingian,255.64,Carbonate,,0.707203,Cao et al. (2022)
Tieqaio,2743,Late Permian ,Wuchiapingian,255.21,Carbonate,,,Cao et al. (2022)
Tieqaio,2790,Late Permian ,Wuchiapingian,254.31,Carbonate,,0.707172,Cao et al. (2022)
Jolfa,JAF_2018_C_1019,Late Permian ,Wuchiapingian,256.32,Brachiopod,,0.707014,Cao et al. (2022)
Reef trail,JAF_2018_C_1011,Middle Permian,Capitanian,260.31,Brachiopod,,0.706815,Cao et al. (2022)
RC 46.5 mi. from Carlsbad,JAF_2018_C_1010,Middle Permian,Capitanian,263.6,Brachiopod,,0.706842,Cao et al. (2022)
,HB 11 1,Late Permian ,Wuchiapingian,255.73,brachiopod,"U5c=APP5005/6, Cherrabun Mbr.",0.707151,Morante (1996)
,HB 11 2,Late Permian ,Wuchiapingian,255.73,brachiopod,"U5c=APP5005/6, Cherrabun Mbr.",0.707141,Morante (1996)
,"S 19 514,25",Late Permian ,Wuchiapingian,256.54,brachiopod,"U5b=APP5004, top Peawaddy",0.706881,Morante (1996)
,UQ L 2421,Late Permian ,Wuchiapingian,256.54,brachiopod,"U5c=APP5004, top Peawaddy",0.706941,Morante (1996)
,E 1 647,Late Permian ,Wuchiapingian,257.25,brachiopod,"U5 = APP5, Peawaddy",0.706921,Morante (1996)
,E 5 735,Middle Permian,Capitanian,261.57,brachiopod,"bottom U5b= APP5004, top Ingelara",0.706451,Morante (1996)
,E 5 735,Middle Permian,Capitanian,261.57,brachiopod,"bottom U5b= APP5004, top Ingelara",0.706501,Morante (1996)
,E 1 692,Middle Permian,Capitanian,261.92,brachiopod,"U5 = APP5, top third Ingelara",0.706791,Morante (1996)
,"E 1 693,8",Middle Permian,Capitanian,261.92,brachiopod,"U5 = APP5, top third Ingelara",0.706831,Morante (1996)
,"E 1 701,8",Middle Permian,Capitanian,262.16,brachiopod,"U5 = APP5, top third Ingelara",0.706901,Morante (1996)
,E 1 702,Middle Permian,Capitanian,262.16,brachiopod,"U5 = APP5, top third Ingelara",0.706871,Morante (1996)
,E 1 784,Middle Permian,Capitanian,263.04,brachiopod,"U5a= 5001-2, Freitag equivalent",0.706851,Morante (1996)
,"E 1 793,1",Middle Permian,Capitanian,263.04,brachiopod,"U5a= 5001-2, Freitag equivalent",0.706881,Morante (1996)
,E 5 833,Middle Permian,Capitanian,263.04,brachiopod,"U5a= 5001-3, Freitag",0.706861,Morante (1996)
,UQ L 3543,Middle Permian,Capitanian,264.51,brachiopod,"L5c=APP43, Scottsville Mbr.",0.706941,Morante (1996)
,"E 5 864,35",Middle Permian,Wordian,266.95,brachiopod,"L5c=APP43, top [third] Aldebaran",0.706881,Morante (1996)
,"E 5 972,59",Middle Permian,Wordian,269.58,brachiopod,"U4 non; L5b=APP42, middle Aldebaran",0.707051,Morante (1996)
,UQ L 5129,Middle Permian,Wordian,271.72,brachiopod,"top U4b= APP33, Fenestella Shale",0.706971,Morante (1996)
New South Wales,42,Middle Permian,Roadian,271,brachiopod (doubtful),"Ingerella sp._Gerringong Volcanics, Sydney Basin",0.706919,Veizer and Compston (1974)
New South Wales,43,Middle Permian,Roadian,271,brachiopod (doubtful),"Spirifer convolutus_Gerringong Volcanics, Sydney Basin",0.707219,Veizer and Compston (1974)
Garden Valley Formation / Nevada,NV-3,Early Permian,Art,275,conodonts,M. bisselli-Sw. primus,0.707957,Marting and Madcougall (1995)
"Skinner Ranch, Glass Mountains / Texas",SR-I,Middle Permian,Art,267.1,conodonts,M. bisselli-Sw. shitei,0.708011,Marting and Madcougall (1995)
"Skinner Ranch, Glass Mountains / Texas",SR-2,Middle Permian,Art,266.9,conodonts,,0.708093,Marting and Madcougall (1995)
"Skinner Ranch, Glass Mountains / Texas",SR-3,Middle Permian,Kung,266.7,conodonts,N. exsculptus-M. gujoensis,0.708345,Marting and Madcougall (1995)
"Skinner Ranch, Glass Mountains / Texas",SR-4,Middle Permian,Kung,266.5,conodonts,N. foliatus,0.707605,Marting and Madcougall (1995)
"Skinner Ranch, Glass Mountains / Texas",SR-5,Middle Permian,Kung,266.3,conodonts,M. foliatus-M/ idahoensis,0.707453,Marting and Madcougall (1995)
"Skinner Ranch, Glass Mountains / Texas",SR-6,Middle Permian,Kung,266.1,conodonts,M. foliatus-M/ idahoensis,0.707629,Marting and Madcougall (1995)
"Skinner Ranch, Glass Mountains / Texas",SR-7,Middle Permian,Kung,265.9,conodonts,M. foliatus-M/ idahoensis,0.707643,Marting and Madcougall (1995)
"Skinner Ranch, Glass Mountains / Texas",SR-8,Middle Permian,Kung,265.7,conodonts,N. prayi-M. idahoensis,0.707561,Marting and Madcougall (1995)
"Skinner Ranch, Glass Mountains / Texas",SR-9,Middle Permian,Kung,265.5,conodonts,N. prayi-M. idahoensis,0.707506,Marting and Madcougall (1995)
"Skinner Ranch, Glass Mountains / Texas",SR-10,Middle Permian,Kung,265.3,conodonts,N. prayi-M. idahoensis,0.707513,Marting and Madcougall (1995)
"Skinner Ranch, Glass Mountains / Texas",SR-11,Middle Permian,Kung,265.1,conodonts,N. prayi-M. idahoensis,0.707416,Marting and Madcougall (1995)
"Skinner Ranch, Glass Mountains / Texas",SR-12,Middle Permian,Kung,264.9,conodonts,N. prayi-M. idahoensis,0.707461,Marting and Madcougall (1995)
"Split Tank, Glass Mountains / Texas",ST-I,Middle Permian,Kung,264.75,conodonts,N. prayi-M. idahoensis,0.707336,Marting and Madcougall (1995)
"Split Tank, Glass Mountains / Texas",ST-2,Middle Permian,Kung,264.6,conodonts,N. sulcopilcatus-M. idahoensis,0.707341,Marting and Madcougall (1995)
"Split Tank, Glass Mountains / Texas",ST-3,Middle Permian,Kung,264.4,conodonts,N. sulcopilcatus-M. idahoensis,0.707333,Marting and Madcougall (1995)
"Split Tank, Glass Mountains / Texas",ST-4+5,Middle Permian,Kung/Uf,264,conodonts,N. sulcopilcatus-M. idahoensis,0.707388,Marting and Madcougall (1995)
"Split Tank, Glass Mountains / Texas",ST-6,Middle Permian,Uf,262.1,conodonts,M. serrata,0.707331,Marting and Madcougall (1995)
Del Norte Mountains / Texas,TX-2,Middle Permian,Kaz,261.75,conodonts,M. asserrata,0.707229,Marting and Madcougall (1995)
Del Norte Mountains / Texas,TX-3,Middle Permian,Kaz,261,conodonts,M. asserrata,0.706914,Marting and Madcougall (1995)
Del Norte Mountains / Texas,TX-5,Late Permian ,Cap,258.25,conodonts,M. asserrata,0.707031,Marting and Madcougall (1995)
Del Norte Mountains / Texas,TX-6,Late Permian ,Cap,257.8,conodonts,Del Norte Mountains / M. postserrata,0.706948,Marting and Madcougall (1995)
"Bird Mine, Del Norte Mountains / Texas",BM-I,Late Permian ,Cap,258.25,conodonts,M. asserrata,0.707247,Marting and Madcougall (1995)
"Bird Mine, Del Norte Mountains / Texas",BM-2,Late Permian ,Cap,257.8,conodonts,M. postserrata,0.707406,Marting and Madcougall (1995)
"Bird Mine, Del Norte Mountains / Texas",BM-3,Late Permian ,Cap,256.3,conodonts,M. postserrata,0.707059,Marting and Madcougall (1995)
"Bird Mine, Del Norte Mountains / Texas",BM-4,Late Permian ,Cap,256.1,conodonts,M. nuchalina,0.707027,Marting and Madcougall (1995)
"Bird Mine, Del Norte Mountains / Texas",BM-5,Late Permian ,Cap,256.5,conodonts,M. postserrata,0.706913,Marting and Madcougall (1995)
Baldwin Creek / Wyoming,BC-1,Middle Permian,Kung,264.5,conodonts,N. sulcopilcatus-M. idahoensis,0.70734,Marting and Madcougall (1995)
Baldwin Creek / Wyoming,BC-2,Middle Permian,Kung,264.3,conodonts,N. sulcopilcatus-M. idahoensis,0.707404,Marting and Madcougall (1995)
Baldwin Creek / Wyoming,BC-3,Middle Permian,Kung,264.1,conodonts,N. sulcopilcatus-M. idahoensis,0.707373,Marting and Madcougall (1995)
Baldwin Creek / Wyoming,BC-4+5,Middle Permian,Kaz/Uf,262.25,conodonts,N.newelli-M.gujoensis and M. bitteri,0.707133,Marting and Madcougall (1995)
Baldwin Creek / Wyoming,BC-6,Middle Permian,Kaz,260.75,conodonts,M. bitteri,0.707208,Marting and Madcougall (1995)
Baldwin Creek / Wyoming,BC-7,Middle Permian,Kaz,260,conodonts,M. bitteri,0.7071,Marting and Madcougall (1995)
Baldwin Creek / Wyoming,BC-8,Late Permian ,Kaz,259.25,conodonts,Me. Divergens,0.707091,Marting and Madcougall (1995)
Baldwin Creek / Wyoming,BC-9,Late Permian ,Kaz,258.6,conodonts,Me. Divergens,0.707063,Marting and Madcougall (1995)
Crittenden Springs / Nevada,CS-1,Early Triassic,Gries,250,conodonts,I. isarciaca,0.707657,Marting and Madcougall (1995)
Crittenden Springs / Nevada,CS-2,Early Triassic,Smith,248.5,conodonts,N. milleri,0.707885,Marting and Madcougall (1995)
Crittenden Springs / Nevada,CS-3,Early Triassic,Smith,248.4,conodonts,Ne. waageni,0.707867,Marting and Madcougall (1995)
Crittenden Springs / Nevada,CS-4,Early Triassic,Smith,248.25,conodonts,Ne. waageni,0.70794,Marting and Madcougall (1995)
"Saidu Wali, Hkisor Range",SA-1 +2,Middle Permian,Kaz,260.75,conodonts,M. phosphoriensis/ M. bitteri,0.707211,Marting and Madcougall (1995)
"Saidu Wali, Hkisor Range",SA-3 + 4,Middle Permian,Kaz,259.3,conodonts,Me. Divergens,0.707388,Marting and Madcougall (1995)
"Saidu Wali, Hkisor Range",SA-5+6,Middle Permian,Kaz,258.75,conodonts,Me. Divergens,0.707117,Marting and Madcougall (1995)
"Koria Lodlian , Khisor Range",KL-1,Middle Permian,Kaz,260.75,conodonts,Me. Divergens,0.70719,Marting and Madcougall (1995)
"Koria Lodlian , Khisor Range",KL-2+3,Middle Permian,Cap,257.25,conodonts,Me. Divergens,0.707168,Marting and Madcougall (1995)
"Koria Lodlian , Khisor Range",KL-4+5,Late Permian ,Wuch,255.7,conodonts,M. leveni,0.707201,Marting and Madcougall (1995)
"Koria Lodlian , Khisor Range",KL-6,Late Permian ,Wuch,255.25,conodonts,M. leveni,0.7071,Marting and Madcougall (1995)
"Koria Lodlian , Khisor Range",KL-7,Late Permian ,Wuch,254.8,conodonts,M. leveni,0.707102,Marting and Madcougall (1995)
"Koria Lodlian , Khisor Range",KL-8,Late Permian ,Wuch,254.6,conodonts,M. leveni,0.707117,Marting and Madcougall (1995)
"Koria Lodlian , Khisor Range",KL-9,Late Permian ,Wuch,254.1,conodonts,M. guanyuanesis,0.707186,Marting and Madcougall (1995)
"Koria Lodlian , Khisor Range",KL-10,Late Permian ,Wuch,253.75,conodonts,M. orientalis,0.70724,Marting and Madcougall (1995)
"Chhidru Nala, Salt Range",CD-I +2,Late Permian ,Kaz/Cap,258.6,conodonts,Me. Divergens,0.70713,Marting and Madcougall (1995)
"Chhidru Nala, Salt Range",CD-3,Late Permian ,Wuch,254.3,conodonts,M. orientalis,0.707399,Marting and Madcougall (1995)
"Chhidru Nala, Salt Range",CD-4,Late Permian ,Chang,253.4,conodonts,M. subcarinata,0.70769,Marting and Madcougall (1995)
"Chhidru Nala, Salt Range",CD-5,Late Permian ,Chang,252.7,conodonts,M. subcarinata,0.707322,Marting and Madcougall (1995)
"Chhidru Nala, Salt Range",CD-6,Early Triassic,Chang,251.8,conodonts,M. carinata,0.707427,Marting and Madcougall (1995)
"Chhidru Nala, Salt Range",CD-7,Early Triassic,Dien,249,conodonts,Ne. parkistanensis,0.707736,Marting and Madcougall (1995)
"Kathwai, Salt Range",KA-I,Late Permian ,Chang,252.3,conodonts,M. subcarinata,0.707499,Marting and Madcougall (1995)
"Kathwai, Salt Range",KA-2,Late Permian ,Chang,252.2,conodonts,M. subcarinata,0.707568,Marting and Madcougall (1995)
"Kathwai, Salt Range",KA-3,Late Permian ,Chang,252,conodonts,M. carinata,0.707458,Marting and Madcougall (1995)
"Kathwai, Salt Range",KA-4,Early Triassic,Chang,251.8,conodonts,M. carinata,0.707587,Marting and Madcougall (1995)
"Kathwai, Salt Range",KA-5,Early Triassic,Chang,251.7,conodonts,M. carinata,0.707469,Marting and Madcougall (1995)
"Chatuwala Nala, Salt Range",CW-I,Early Triassic,Chang,251.8,conodonts,M. subcarinata,0.70744,Marting and Madcougall (1995)
"Chatuwala Nala, Salt Range",CW-2,Early Triassic,Chang,251.6,conodonts,M. carinata,0.707503,Marting and Madcougall (1995)
"Chatuwala Nala, Salt Range",CW-3.,Early Triassic,Gries,250.75,conodonts,H. parvus,0.707308,Marting and Madcougall (1995)
"Chatuwala Nala, Salt Range",CW-4,Early Triassic,Gries,249.75,conodonts,I. isarciaca,0.707626,Marting and Madcougall (1995)
"Nammal Nala, Salt Range",NN-1,Early Triassic,Gries,249.75,conodonts,I. isarciaca,0.707856,Marting and Madcougall (1995)
"Nammal Nala, Salt Range",NN-2,Early Triassic,Dien,249.4,conodonts,Ne. cristagalli,0.707895,Marting and Madcougall (1995)
"Nammal Nala, Salt Range",NN-3,Early Triassic,Dien,249.25,conodonts,Ne. cristagalli,0.708197,Marting and Madcougall (1995)
"Nammal Nala, Salt Range",NN-5,Early Triassic,Dien,248.75,conodonts,Ne. parkistanensis,0.708178,Marting and Madcougall (1995)
"Nammal Nala, Salt Range",NN-6,Early Triassic,Dien,248.6,conodonts,Ne. parkistanensis,0.708377,Marting and Madcougall (1995)
"Nammal Nala, Salt Range",NN-7,Early Triassic,Smith,248.35,conodonts,N. milleri,0.708203,Marting and Madcougall (1995)